{
    "component": "BHM_GP_HST_UT_03",
    "institution": "LBNL_STRIP_POWERBOARDS",
    "properties": {
        "AMbg": 13,
        "AMbgen": 1,
        "AMintCalib": 0,
        "DCDCiN": 0,
        "DCDCiOffset": 10,
        "DCDCiP": 7,
        "DCDCoN": 3,
        "DCDCoOffset": 8,
        "DCDCoP": 2,
        "VDDbg": 13,
        "VDDbgen": 1
    },
    "results": {
        "AM": 606.2792171626606,
        "AMOFFSET": [
            31,
            44,
            42,
            41,
            51,
            37,
            36,
            135,
            47,
            45,
            38,
            43,
            48,
            48,
            39,
            35
        ],
        "AMSLOPE": 0.9736864465437131,
        "CTAT0": [
            528.4690867676808,
            513.8637900695251,
            498.28480692482566,
            483.67951022667,
            454.4689168303586,
            440.8373065787466,
            427.2056963271346,
            412.60039962897895,
            388.2582384653861,
            375.60031466031785,
            362.9423908552496,
            349.31078060363757,
            333.73179745893816,
            321.0738736538699,
            309.3896362953453,
            297.7053989368208
        ],
        "CUR10VCM": -1.9473728930873904,
        "CUR10VOFFSET": 181.10567905713063,
        "CUR10VOFFSETZERO": 238.5531794032097,
        "CUR1VCM": 2.9210593396310287,
        "CUR1VOFFSET": 95.42127176128388,
        "CUR1VOFFSETZERO": 53.552754559904216,
        "NTCPB": 254.1321625479091,
        "NTCX": 252.18478965482169,
        "NTCY": 254.1321625479091,
        "PTAT0": 1114.7467875904065,
        "VDDREG": 1189.7216645914073
    },
    "runNumber": "0-0",
    "testType": "CONFIG"
}
