{
    "component": "BHM_GP_HST_UF_02",
    "institution": "LBNL_STRIP_POWERBOARDS",
    "properties": {
        "AMbg": 13,
        "AMbgen": 1,
        "AMintCalib": 0,
        "DCDCiN": 0,
        "DCDCiOffset": 10,
        "DCDCiP": 5,
        "DCDCoN": 2,
        "DCDCoOffset": 11,
        "DCDCoP": 0,
        "VDDbg": 11,
        "VDDbgen": 1
    },
    "results": {
        "AM": 601.905097958416,
        "AMOFFSET": [
            49,
            37,
            45,
            43,
            41,
            50,
            44,
            138,
            36,
            39,
            38,
            44,
            37,
            43,
            45,
            41
        ],
        "AMSLOPE": 0.9576656554874806,
        "CTAT0": [
            514.7740992225332,
            499.4514487347335,
            485.0864639024213,
            469.7638134146216,
            440.0761780945097,
            425.7111932621975,
            412.30387408537285,
            398.89655490854807,
            374.95491352136105,
            362.5052600000238,
            350.0556064786865,
            337.60595295734936,
            320.3679711585746,
            308.87598329272487,
            296.4263297713876,
            284.93434190553785
        ],
        "CUR10VCM": 3.830662621949955,
        "CUR10VOFFSET": 251.8660673932074,
        "CUR10VOFFSETZERO": 235.58575124992024,
        "CUR1VCM": -0.9576656554874035,
        "CUR1VOFFSET": 99.59722817069799,
        "CUR1VOFFSETZERO": 114.91987865849768,
        "NTCPB": 260.4850582925947,
        "NTCX": 248.03540477125748,
        "NTCY": 258.5697269816198,
        "PTAT0": 1151.4519170540143,
        "VDDREG": 1195.3710744609505
    },
    "runNumber": "0-0",
    "testType": "CONFIG"
}
