{
    "component": "CAM_PPB_SS_09",
    "institution": "LBNL_STRIP_POWERBOARDS",
    "properties": {
        "AMbg": 14,
        "AMbgen": 1,
        "AMintCalib": 0,
        "DCDCiN": 0,
        "DCDCiOffset": 10,
        "DCDCiP": 0,
        "DCDCoN": 3,
        "DCDCoOffset": 8,
        "DCDCoP": 0,
        "VDDbg": 12,
        "VDDbgen": 1
    },
    "results": {
        "AM": 595.2576425501596,
        "AMOFFSET": [
            36,
            34,
            33,
            45,
            32,
            43,
            37,
            134,
            46,
            53,
            42,
            44,
            44,
            31,
            43,
            43
        ],
        "AMSLOPE": 0.9648582049306718,
        "CTAT0": [
            530.1070435552524,
            514.6693122763617,
            499.2315809974709,
            483.7938497185802,
            452.9183871607987,
            438.44551408683867,
            423.9726410128785,
            410.46462614384916,
            386.3431710205823,
            372.83515615155295,
            359.3271412825235,
            345.81912641349413,
            329.4165369296727,
            316.8733802655739,
            304.33022360147527,
            292.7519251423072
        ],
        "CUR10VCM": -3.859432819722656,
        "CUR10VOFFSET": 220.95252892912384,
        "CUR10VOFFSETZERO": 279.80887942989483,
        "CUR1VCM": -1.9297164098612711,
        "CUR1VOFFSET": 82.01294741910709,
        "CUR1VOFFSETZERO": 113.85326818181927,
        "NTCPB": 255.687424306628,
        "NTCX": 241.21455123266793,
        "NTCY": 254.72256610169734,
        "PTAT0": 467.0170361436363,
        "VDDREG": 1207.1431345184185
    },
    "runNumber": "0-0",
    "testType": "CONFIG"
}
