{
    "component": "GL_GT_HST_UT_01",
    "institution": "LBNL_STRIP_POWERBOARDS",
    "properties": {
        "AMbg": 13,
        "AMbgen": 1,
        "AMintCalib": 0,
        "DCDCiN": 0,
        "DCDCiOffset": 11,
        "DCDCiP": 1,
        "DCDCoN": 3,
        "DCDCoOffset": 7,
        "DCDCoP": 0,
        "VDDbg": 12,
        "VDDbgen": 1
    },
    "results": {
        "AM": 600.9737326169344,
        "AMOFFSET": [
            40,
            41,
            42,
            34,
            43,
            42,
            40,
            139,
            42,
            39,
            50,
            45,
            36,
            44,
            47,
            36
        ],
        "AMSLOPE": 0.9422435293520214,
        "CTAT0": [
            529.3437335664482,
            514.2678370968158,
            499.1919406271835,
            484.1160441575512,
            453.96425121828645,
            439.83059827800616,
            426.6391888670779,
            412.5055359267975,
            388.94944769299696,
            376.7002818114207,
            363.50887240049246,
            350.3174629895641,
            334.29932299057975,
            322.0501571090035,
            309.8009912274272,
            297.55182534585094
        ],
        "CUR10VCM": 5.65346117611216,
        "CUR10VOFFSET": 209.17806351614874,
        "CUR10VOFFSETZERO": 130.97185057993096,
        "CUR1VCM": -0.9422435293520266,
        "CUR1VOFFSET": 100.82005764066629,
        "CUR1VOFFSETZERO": 88.57089175909,
        "NTCPB": 258.17472704245387,
        "NTCX": 244.98331763152555,
        "NTCY": 258.17472704245387,
        "PTAT0": 1112.1078539953317,
        "VDDREG": 1201.306263021601
    },
    "runNumber": "0-0",
    "testType": "CONFIG"
}
