{
    "component": "CAM_PPB_SS_08",
    "institution": "LBNL_STRIP_POWERBOARDS",
    "properties": {
        "AMbg": 14,
        "AMbgen": 1,
        "AMintCalib": 0,
        "DCDCiN": 0,
        "DCDCiOffset": 10,
        "DCDCiP": 11,
        "DCDCoN": 2,
        "DCDCoOffset": 5,
        "DCDCoP": 0,
        "VDDbg": 13,
        "VDDbgen": 1
    },
    "results": {
        "AM": 597.1059917037877,
        "AMOFFSET": [
            41,
            42,
            42,
            40,
            41,
            46,
            42,
            139,
            44,
            43,
            45,
            45,
            36,
            43,
            44,
            46
        ],
        "AMSLOPE": 0.9419010996229834,
        "CTAT0": [
            540.968387146508,
            524.9560684529173,
            510.82755195857254,
            494.8152332649818,
            464.67439807704636,
            450.5458815827016,
            437.35926618797987,
            422.2888485940121,
            396.8575189041916,
            383.6709035094698,
            371.426189214371,
            357.29767272002624,
            340.3434529268126,
            328.0987386317138,
            316.79592543623795,
            303.6093100415162
        ],
        "CUR10VCM": 0.0,
        "CUR10VOFFSET": 227.94006610876198,
        "CUR10VOFFSETZERO": 266.5580111933043,
        "CUR1VCM": 1.1368683772161603e-13,
        "CUR1VOFFSET": 106.43482425739712,
        "CUR1VOFFSETZERO": 111.14432975551205,
        "NTCPB": 249.6037914000906,
        "NTCX": 244.89428590197568,
        "NTCY": 253.37139579858254,
        "PTAT0": 1094.2485243981655,
        "VDDREG": 1207.4933548677664
    },
    "runNumber": "0-0",
    "testType": "CONFIG"
}
