{
    "component": "BHM_GT_HSH_UT_01",
    "institution": "LBNL_STRIP_POWERBOARDS",
    "properties": {
        "AMbg": 13,
        "AMbgen": 1,
        "AMintCalib": 0,
        "DCDCiN": 4,
        "DCDCiOffset": 11,
        "DCDCiP": 0,
        "DCDCoN": 3,
        "DCDCoOffset": 6,
        "DCDCoP": 1,
        "VDDbg": 12,
        "VDDbgen": 1
    },
    "results": {
        "AM": 599.7090411760635,
        "AMOFFSET": [
            47,
            45,
            45,
            38,
            43,
            37,
            48,
            143,
            40,
            38,
            49,
            35,
            41,
            43,
            48,
            48
        ],
        "AMSLOPE": 0.9074232042206359,
        "CTAT0": [
            528.2634552093615,
            513.7446839418313,
            499.2259126743012,
            484.7071414067709,
            454.76217566748994,
            441.15082760418045,
            427.53947954087084,
            413.92813147756135,
            391.24255137204545,
            378.5386265129565,
            365.8347016538677,
            353.13077679477874,
            336.79715911880726,
            324.09323425971843,
            313.2041558090708,
            301.40765415420253
        ],
        "CUR10VCM": 3.629692816882539,
        "CUR10VOFFSET": 174.2252552103621,
        "CUR10VOFFSETZERO": 128.8540949993303,
        "CUR1VCM": 0.0,
        "CUR1VOFFSET": 95.27943644316677,
        "CUR1VOFFSETZERO": 69.87158672498897,
        "NTCPB": 257.7081899986606,
        "NTCX": 244.09684193535108,
        "NTCY": 253.17107397755743,
        "PTAT0": 1139.5934135347902,
        "VDDREG": 1190.0034854199805
    },
    "runNumber": "0-0",
    "testType": "CONFIG"
}
